dr5req,519
dr5ref,487
dr5ruh,193
dr5reh,191
dp3wm8,188
dp3wmf,134
dr5ru5,114
dr5rv1,99
dr5rub,98
dr5rv0,88
dr5rv3,83
dr5red,80
dr5ruq,78
dp3wjy,74
dr5ru6,71
9vk0uw,68
dp3wjx,68
dr5rdt,61
dr5rej,59
dr5ruk,57
dhwfxh,55
dhwfx5,53
dr5rum,51
dr5rt9,50
9mufce,47
dhwfxr,46
dr5x8d,45
dp3wq4,44
dr5rv6,41
dhxh0w,41
dr72jt,40
dr5rem,40
dp3wmg,39
dhwfxj,38
9v7cw0,36
dr5ru9,36
dr5rxf,35
dp3wnh,31
9v6kpw,31
dr5rsw,31
9q5cfc,30
dp3wjr,30
dr5rsg,29
9vg5kv,28
9v67wv,28
dr5ree,28
dhwfx4,27
dr5rxr,27
9vk16b,27
dr5x83,27
dr5rxt,25
dr5rgy,25
dr5rkr,25
dr5r9g,25
9vk1hk,23
9v6kp7,22
dp3wm2,22
dp3wmd,22
dr5reg,21
dr5rsn,21
dr5re7,21
dhwfz4,20
9vk15n,20
9vg4kw,20
dhwfx1,20
dr5x89,20
dr72j0,20
dr5rud,19
dhwfz2,19
dr5rut,19
dr5rep,18
dr5rvt,18
dr5rxn,18
dr5rgd,18
dr5x85,18
9q5csv,17
9vk15d,17
dr5reu,17
9v7cqx,16
dr5rur,16
dp3wn5,16
dp3wq1,16
dr5rvj,16
dhwfz1,15
dr5rxq,15
dr5rdg,15
dpz830,15
dr5rxm,15
dp3wm9,14
dr5rt3,14
dr5rs2,14
dp3wnj,14
dr5rtb,13
dr72hf,13
dhx48m,13
dhx4bu,13
dr5xc0,13
dp3wmu,12
dr5rkw,12
dr5rh9,12
dr5ru7,12
9vk1j8,12
dr5ru4,12
dr5qv4,12
9vk1m3,11
9vk14y,11
9vk15t,11
dr5rsx,11
9vk15w,11
dr5ruu,11
9v67yf,11
9vk14n,11
dr5rtp,11
dr5quf,10
dr5rug,10
dhwfx7,9
dp3wte,9
dr5res,9
dr5ru8,9
dr5rth,9
dhxh8k,9
9v6knc,9
dr5re5,9
9vk14v,8
9qqjez,8
9vk15z,8
dr5rt6,8
9vk15s,8
9v7ckp,8
dr72h1,8
9vg5ks,8
dr5rg6,8
9vk1hj,8
dr725b,8
dr5rhz,8
9v7ck7,8
dr5rkt,8
dhwfes,7
c2b2mu,7
dr4e8e,7
dr5ru3,7
9v6kpe,7
dr5rh0,7
9vk11m,7
dr5rt8,7
dr5rxw,7
dr5rj4,7
dp3wts,7
dr5rer,7
9vk11h,7
dr5rkx,7
dr72jw,7
9vk13n,7
dr5rvd,7
9vk15p,7
dp3wm6,6
9v7ceb,6
dr5ruf,6
9vfczs,6
9vk10v,6
dr5rjp,6
dr5ruw,6
dr5rsu,6
9vk1jt,6
dr72hd,6
9vk15f,6
dp3wq0,6
dr5rek,6
9vk10j,6
dr5rrh,6
9vg4td,6
dr72hu,6
dr72hg,6
dr5rsz,6
dr5rvp,6
9vk14z,5
dr5rdd,5
9vk0k8,5
dr72j2,5
dp3wmb,5
dp3wmc,5
9vg4mx,5
9v6s10,5
dr5rux,5
9v6ebp,5
dr72js,5
9mudn4,5
9vk1m8,5
9q5cff,5
9vk1jh,5
9v6krx,5
dr5ry1,5
9v6s01,5
9q5cf9,5
dr5rsh,5
9vg5pj,5
9vgh7p,5
9vk1jy,5
9v7cze,5
dr5rvr,5
9vk1sf,5
9v7czx,5
dr5rds,5
9v7cs8,5
dr5rxp,5
9vk1kj,5
dr5rt4,5
dr5rey,5
dr72j3,5
dr72h9,4
9vk1jd,4
dr5x86,4
9v6kpm,4
dr5rj5,4
9vg4tk,4
dp3wtt,4
9v67qk,4
dr5ryd,4
dhwfxn,4
dr4e3b,4
dr5rm0,4
9vg5tu,4
dr5rxu,4
9qcek5,4
dr5rtk,4
dhwfx6,4
9vg5tn,4
9vffjy,4
dr5rxs,4
9vk13d,4
9v6t3v,4
9vk1mh,4
dp3wq6,4
dr5rs7,4
dr5rw0,4
dr5rjn,4
9vfgnf,3
9zrs4z,3
dp3wmh,3
9qh1sd,3
9vg4ct,3
dr5rdx,3
dr5rsk,3
9q5cv0,3
9vffrw,3
9v67wd,3
9v7cmw,3
dr5rj0,3
9mudjy,3
9vk1m5,3
9v67wk,3
dhwudb,3
9vffn0,3
9xj7cg,3
dr5rvm,3
9vk179,3
9vk17b,3
9vk120,3
9vk1t4,3
9vg4mp,3
dr72w1,3
9vk14s,3
9vg4mr,3
dr5rm5,3
dr5rgf,3
dr5rh2,3
9vk1he,3
9vk1m6,3
9q5f52,3
dr5rvc,3
dpscjr,3
9vg53h,3
dr5rxx,3
9q5cv2,3
9q9p1y,3
9v7cr8,3
dr5rkm,3
dr72j6,3
9v6t0h,3
dp3wme,3
dhwfxp,3
9vk15j,3
dr72yk,3
dr5ru1,3
dr5rvn,3
djczb3,3
9vg4fp,3
9vk1m2,3
dr5rdz,2
dhwgp9,2
9v7ckk,2
dp3rx1,2
9vk1m9,2
9vk10k,2
dr7b7f,2
9vg5mj,2
dhwfz3,2
dr5rsf,2
dr72m0,2
9vffnr,2
dr72j7,2
9q8yy6,2
dhx501,2
9vg4t3,2
dr5rqt,2
9vk0vt,2
dr5xbb,2
9vg4sf,2
9v6kne,2
9qh17x,2
9vffnp,2
dr72ku,2
dr5rg4,2
9y6b7p,2
dr5rdv,2
9vfcyp,2
9vk12h,2
9vk1hm,2
9vg5ku,2
dqcj6m,2
dr5rez,2
dr5ru2,2
9vk0jr,2
9vk10s,2
9vg4zz,2
sw8zcu,2
dr72jh,2
dr7967,2
9vk13w,2
9vk15y,2
9vg4yn,2
dhxh8m,2
9vffnm,2
9qh04h,2
9vk0vp,2
dhwgkc,2
9q5cfb,2
9vg540,2
dr72jp,2
dqcx89,2
dr5ren,2
dr5rvk,2
9vg4kt,2
dxfh7y,2
dr5rs3,2
9v6s2s,2
9q5csw,2
dp3wmm,2
9vg4y4,2
9vk1kn,2
dr5rg2,2
9q92xs,2
9vffz4,2
9v7cqn,2
9vg4un,2
dhxhc5,2
dr5rsq,2
dhx58x,2
dr5rvh,2
dhwfyc,2
dr5rqh,2
dr5rkv,2
dr5ryg,2
9q5csc,2
9qh3uw,2
9v6kn8,2
9vghke,2
9v6kpg,2
9vgheh,2
dr5pnk,2
dr4d9s,2
dr5rg0,2
9t9p4e,2
dr72m3,2
9v6kpt,2
dr5rtm,2
9v67zq,2
dr5rz2,2
dp3wq3,2
9wek1v,2
dp3wmv,2
9vk4b8,2
9v6s03,2
9v66vc,2
9v7cpu,2
9v7ckz,2
9vk1q1,2
dr4e23,2
9v6t1g,2
dr5rdw,2
dr5rde,2
dp3mkw,2
9vffx7,2
9vffnn,2
dhxh86,2
dqcq6d,2
dr72hm,2
9v6t0b,2
dr5x8m,2
dpz839,2
dr72jj,2
c3nfwc,2
dhx48q,2
dp3qd3,2
dqbutd,1
dhx50s,1
9vg541,1
dr5rsy,1
9vk28d,1
dr5x8z,1
9vk1s0,1
dhz09t,1
9udjx6,1
dr5x9p,1
dnu0hh,1
9v6s0n,1
drt3ke,1
dhwfxq,1
9vffpx,1
dr75m0,1
dpz9se,1
9vg4st,1
9vghps,1
9q5ctq,1
bfpsyg,1
dhwynu,1
dr5rh4,1
dr72nn,1
9tbq65,1
dp3wm0,1
dp3wht,1
9mudpp,1
dr5rhc,1
dr4eub,1
dr5qvj,1
djnpx2,1
dr5rue,1
c23n8d,1
9v6knb,1
dphvm4,1
dr5xt2,1
dr5rz8,1
9vk0u9,1
9tsky4,1
dr72hc,1
sw8zcr,1
9v6ebw,1
drk0se,1
9y7v6r,1
dpmg14,1
9vfctz,1
9q9j58,1
dhwfmg,1
dr5p5q,1
9v7css,1
9qh8u8,1
dr72q3,1
9vg4t4,1
dr4e6m,1
dhwfwu,1
djur4d,1
9vk0g6,1
9qc24w,1
9tbrm5,1
dp3rgf,1
9vk15k,1
9t9p7r,1
dr72wc,1
9vdgm5,1
c20n87,1
dp3wq5,1
9y68qx,1
dnh27p,1
9vk1kp,1
9vg5v6,1
dr5rky,1
c22yzt,1
9q5cfd,1
9qbbpf,1
9x26es,1
dqcm26,1
dr5quk,1
djn5yj,1
dr54nn,1
9vgjjr,1
dr5rse,1
dr5xfe,1
dp3sdd,1
9tbq6m,1
9v6sbn,1
9vk0uz,1
dhwgkd,1
9ydy6n,1
dnpzun,1
dnpyv8,1
9vk16n,1
9v6016,1
9v67yg,1
djvw8f,1
dhxhcm,1
djkr9d,1
9v6t0v,1
9v6t0j,1
dr5r8x,1
9vff29,1
dr5rhu,1
dp3wkb,1
dr5rmz,1
9tbp7t,1
djmgxj,1
9vfcvu,1
9vk1mc,1
9vg4sw,1
dhx48w,1
dhvrsm,1
c20fyq,1
dr5rmx,1
dr12kd,1
dp4duz,1
9vk0j2,1
9q9nf7,1
9txjqv,1
9q5f34,1
9vk0vs,1
9vghe5,1
dhwfgg,1
9vgk8b,1
c22v8s,1
c2b2q5,1
9v6t17,1
9ymj5u,1
drehuk,1
dhvr58,1
9tbqmp,1
9vk6dp,1
9vg4kv,1
dph5du,1
dr5rdh,1
dhxh2x,1
c20f8q,1
dr72md,1
dr5rt5,1
dr5rj7,1
9q8ytb,1
dqcjjz,1
9qmyrm,1
9qh1u0,1
9v67z5,1
9vgm0f,1
dpntt7,1
9q5cgr,1
9vff34,1
dr72mk,1
dr72nj,1
9vffx3,1
dnq8d8,1
dr72q8,1
dnn3dk,1
dr5rsp,1
9vk3nw,1
dr5r9f,1
9vg4fn,1
dr72nz,1
9vg4t7,1
9q9k6h,1
9vk1jx,1
dr5rm4,1
dhwfw6,1
9yzeng,1
dhwfxk,1
9vg4yj,1
dr5rmr,1
dhwfx0,1
dr5rxg,1
9zvz92,1
dr5rvg,1
9q9hx4,1
9v6t4n,1
9vg5wx,1
dr5que,1
9vg4k1,1
9mupqx,1
dr5rst,1
djgzsw,1
dnfcqb,1
cbj4ce,1
dr72rj,1
drt99d,1
9vk1q3,1
9q5fj3,1
dr5mk8,1
djn4s8,1
9v6s02,1
9vffx2,1
dhwfqj,1
9vk1mb,1
9whrz0,1
dhwghm,1
9v6t1u,1
9mufk2,1
9vg4pj,1
9vg4tx,1
9q5c33,1
9vffqw,1
9v6sby,1
9q5cvy,1
dhwfz6,1
dr5qvp,1
9vg5k5,1
c20fbm,1
9mur9e,1
dr72w6,1
9vgk9h,1
dr5rq5,1
dr782n,1
dr5n65,1
dr789p,1
9v7cqp,1
9qhsb0,1
dr5rs5,1
dr5qup,1
dr5rs8,1
9v7gwn,1
9v6ky2,1
dr5r3k,1
9vk1jm,1
dr5rb3,1
dpkt4b,1
dr5rsm,1
9vg4t2,1
dp93ek,1
9v602b,1
9vfcyy,1
9vg5pm,1
dr72jv,1
dr5rb2,1
dhvwvv,1
9vg5v3,1
9mur7p,1
9v66jx,1
dr5rrp,1
9v6s0j,1
9v7ckm,1
9q5csy,1
9q5c5p,1
dhwg53,1
dqcw96,1
9q5byb,1
9x0rq9,1
9vg686,1
9q8zpk,1
9v7cpv,1
9vg4th,1
djjgbh,1
9vg5px,1
9vg1g2,1
dr4edc,1
dr18px,1
9uchzt,1
9vk0we,1
dr5r0c,1
dp3nhd,1
9tbnks,1
dp3wnn,1
dr5rj1,1
9vfcyj,1
c2b2mv,1
drmt40,1
9v6eb7,1
dr12jn,1
9vff2b,1
dr5rsv,1
9x6kdg,1
dr72jm,1
9vg4t5,1
9vg5n0,1
dp9kzd,1
dr5xbj,1
9zyf9s,1
dhwfyb,1
dqcjj1,1
9whr8m,1
9vfcyz,1
9v6kpk,1
9q9huk,1
dhwfz0,1
9v6s2e,1
9qqjmm,1
dhv6n6,1
9vg5gz,1
9q9q7q,1
9vk1mk,1
djup0z,1
dp8286,1
dr5rtj,1
dr72h8,1
dhwfqx,1
9tbn38,1
9v6s82,1
9q5fh2,1
9q5dqt,1
dhx5bu,1
dn1ekj,1
dn6m3h,1
dhxn3s,1
9mupt5,1
dhxhc4,1
dpxsky,1
dr5rgc,1
dr5rxc,1
dq9ccb,1
dr5rtc,1
9q9p19,1
dr5rsj,1
dqcjnd,1
dhxh87,1
dppnhe,1
9vk1m1,1
dngzsv,1
9q97fz,1
djg2xs,1
dr5x7y,1
9vg5mn,1
9vukx1,1
